Index,Variant,"Region, subregion, country or area *",GDP2018,Notes,Income,Contact mat,Polymod,Country code,Type,Parent code,Reference date (as of 1 July),0-4,5-9,10-14,15-19,20-24,25-29,30-34,35-39,40-44,45-49,50-54,55-59,60-64,65-69,70-74,75-79,80-84,85-89,90-94,95-99,100+,country_code,region,income_group,GDP,Matrix
1740,Estimates,Afghanistan,1955.006208,NA,LIC,1,NA,4,Country/Area,5501,2020,5672.509,5416.223,5192.114,4629.445,3926.485,3109.386,2478.259,2056.387,1658.723,1304.736,1032.359,807.839,612.638,444.858,312.451,168.004,75.605,24.46,5.192,0.629,0.039,AFG,South Asia,Low income,1955.006208,14
3495,Estimates,Albania,13364.1554,NA,UMIC,2,NA,8,Country/Area,925,2020,166.278,167.554,162.181,199.597,228.356,244.323,223.924,166.849,152.51,170.509,184.185,201.906,186.459,143.783,108.132,86.536,53.876,23.388,6.627,0.776,0.051,ALB,Europe & Central Asia,Upper middle income,13364.1554,7
1230,Estimates,Algeria,15481.78762,NA,UMIC,2,1,12,Country/Area,912,2020,5041.518,4635.972,3821.402,2910.345,2999.837,3573.878,3727.719,3547.516,3014.029,2434.59,2061.884,1738.172,1387.342,1143.2,723.938,513.896,343.627,171.049,51.37,8.796,0.963,DZA,Middle East & North Africa,Upper middle income,15481.78762,12
720,Estimates,Angola,6452.355165,NA,LMIC,1,NA,24,Country/Area,911,2020,5795.004,5104.164,4349.261,3532.518,2882.566,2423.471,2040.757,1658.972,1330.695,1082.04,787.212,677.39,481.968,303.929,212.513,119.216,59.937,19.878,4.259,0.48,0.038,AGO,Sub-Saharan Africa,Lower middle income,6452.355165,15
2235,Estimates,Antigua and Barbuda,26868.13352,NA,HIC,3,3,28,Country/Area,915,2020,7.355,7.228,6.814,7.053,7.579,7.315,7.066,7.028,6.916,6.944,6.799,6.033,4.658,3.385,2.501,1.6,0.923,0.51,0.182,0.035,0.004,ATG,Latin America & Caribbean,High income,26868.13352,13
2640,Estimates,Argentina,20610.56855,NA,UMIC,2,4,32,Country/Area,931,2020,3736.651,3709.817,3597.262,3539.449,3477.335,3520.249,3318.98,3122.432,3089.901,2637.843,2301.731,2123.209,1883.733,1645.009,1337.223,963.414,634.684,364.685,152.346,35.706,4.118,ARG,Latin America & Caribbean,Upper middle income,20610.56855,13
1350,Estimates,Armenia,10343.17559,NA,UMIC,2,5,51,Country/Area,922,2020,204.987,213.872,198.453,170.477,176.497,232.427,267.191,236.762,190.759,162.329,163.255,199.398,197.081,131.321,84.343,42.4,59.254,21.8,9.083,1.329,0.216,ARM,Europe & Central Asia,Upper middle income,10343.17559,7
2250,Estimates,Aruba,0,13,HIC,3,NA,533,Country/Area,915,2020,6.08,5.677,6.8,7.21,7.565,7.415,5.424,5.82,6.74,7.531,8.142,9.063,7.706,6.048,4.302,2.656,1.631,0.715,0.203,0.034,0.004,ABW,Latin America & Caribbean,High income,NA,13
2850,Estimates,Australia,51663.36509,15,HIC,3,6,36,Country/Area,927,2020,1669.707,1639.267,1610.574,1519.906,1594.568,1780.886,1875.461,1842.883,1628.711,1677.349,1558.324,1549.411,1418.526,1232.661,1083.379,762.997,522.945,329.05,156.557,42.382,4.337,AUS,East Asia & Pacific,High income,51663.36509,7
3690,Estimates,Austria,55454.68929,NA,HIC,3,7,40,Country/Area,926,2020,448.166,426.016,423.838,452.37,508.761,606.616,620.374,623.042,565.684,612.581,713.443,693.557,582.363,450.957,407.288,383.149,260.228,142.473,67.309,17.03,1.155,AUT,Europe & Central Asia,High income,55454.68929,7
1365,Estimates,Azerbaijan,18044.13678,4,UMIC,2,8,31,Country/Area,922,2020,825.398,860.64,698.221,637.237,719.127,889.858,941.226,825.466,664.205,616.598,628.449,652.627,496.586,307.722,152.039,90.723,87.797,35.125,8.731,1.292,0.108,AZE,Europe & Central Asia,Upper middle income,18044.13678,7
2265,Estimates,Bahamas,32087.72915,NA,HIC,3,9,44,Country/Area,915,2020,27.064,26.59,31.293,32.502,33.496,33.072,28.015,27.442,27.577,28.919,25.569,23.653,17.584,11.846,8.023,5.622,3.187,1.309,0.405,0.072,0.008,BHS,Latin America & Caribbean,High income,32087.72915,13
1380,Estimates,Bahrain,47303.04851,NA,HIC,3,10,48,Country/Area,922,2020,108.054,110.081,92.954,88.901,91.684,214.986,293.461,214.272,148.286,108.435,81.177,59.054,45.12,21.452,10.958,6.86,3.957,1.315,0.509,0.06,0.007,BHR,Middle East & North Africa,High income,47303.04851,12
1755,Estimates,Bangladesh,4371.754986,NA,LMIC,1,11,50,Country/Area,5501,2020,14328.179,14644.431,15089.278,15585.144,15239.226,14525.807,13763.089,12748.544,11225.285,9425.985,8304.795,6700.908,4500.389,2796.448,2357.159,1738.653,1021.347,483.031,167.128,38.816,5.741,BGD,South Asia,Lower middle income,4371.754986,14
2280,Estimates,Barbados,18554.12928,NA,HIC,3,12,52,Country/Area,915,2020,15.12,15.498,17.547,18.965,18.769,18.809,18.101,19.023,18.804,20.263,19.635,20.301,18.54,15.033,11.889,8.265,6.109,3.77,2.017,0.709,0.204,BRB,Latin America & Caribbean,High income,18554.12928,13
3150,Estimates,Belarus,19994.80408,NA,UMIC,2,NA,112,Country/Area,923,2020,548.121,595.719,485.256,443.627,425.472,652.33,814.015,716.333,652.631,632.77,592.26,753.531,665.034,578.217,269.539,256.023,218.763,101.383,41.787,6.121,0.389,BLR,Europe & Central Asia,Upper middle income,19994.80408,7
3705,Estimates,Belgium,51407.99834,NA,HIC,3,NA,56,Country/Area,926,2020,633.653,669.05,671.469,640.782,657.702,728.383,746.195,757.802,751.566,766.873,795.492,803.249,735.907,633.969,555.598,383.815,320.824,216.704,95.034,23.664,1.885,BEL,Europe & Central Asia,High income,51407.99834,2
2505,Estimates,Belize,8648.0888,NA,UMIC,2,NA,84,Country/Area,916,2020,39.446,38.66,37.997,39.853,39.341,36.478,32.103,27.612,23.055,20.903,17.481,14.329,10.45,7.364,5.019,3.292,2.263,1.271,0.607,0.085,0.012,BLZ,Latin America & Caribbean,Upper middle income,8648.0888,13
960,Estimates,Benin,2424.755845,NA,LIC,1,NA,204,Country/Area,914,2020,1908.329,1688.621,1488.071,1291.415,1115.836,945.932,785.32,651.123,538.732,443.1,363.185,287.496,218.586,160.597,111.041,73.794,35.315,12.926,3.234,0.5,0.045,BEN,Sub-Saharan Africa,Low income,2424.755845,15
1770,Estimates,Bhutan,10167.93406,NA,LMIC,1,NA,64,Country/Area,5501,2020,63.855,61.973,66.263,69.73,74.308,79.006,75.718,62.963,50.275,39.329,33.389,25.625,21.303,15.605,12.754,9.48,5.681,2.856,1.116,0.317,0.066,BTN,South Asia,Lower middle income,10167.93406,14
2655,Estimates,Bolivia,7873.166243,NA,LMIC,1,NA,68,Country/Area,931,2020,1185.499,1179.088,1161.012,1136.684,1065.189,974.345,870.945,768.154,667.885,570.458,480.562,403.03,336.191,279.127,225.44,166.501,106.906,60.027,26.533,7.941,1.512,BOL,Latin America & Caribbean,Lower middle income,7873.166243,13
3510,Estimates,Bosnia and Herzegovina,14623.67405,NA,UMIC,2,NA,70,Country/Area,925,2020,133.254,161.958,181.24,165.035,216.168,187.104,216.385,242,220.803,226.935,231.338,268.844,241.967,221.828,143.428,99.07,84.515,25.473,11.15,2.165,0.155,BIH,Europe & Central Asia,Upper middle income,14623.67405,7
870,Estimates,Botswana,18615.79334,NA,UMIC,2,NA,72,Country/Area,913,2020,271.775,267.23,246.528,225.505,203.74,198.769,187.256,178.033,149.075,111.94,80.357,66.226,59.085,45.166,29.546,19.012,8.378,3.156,0.769,0.077,0.002,BWA,Sub-Saharan Africa,Upper middle income,18615.79334,15
2670,Estimates,Brazil,16096.40096,NA,UMIC,2,NA,76,Country/Area,931,2020,14475.093,14601.817,14942.442,16218.004,17152.049,16952.594,17147.907,17328.855,15661.313,13800.693,12822.932,11598.27,9468.159,7428.703,5309.419,3492.132,2317.208,1175.24,510.827,134.602,21.15,BRA,Latin America & Caribbean,Upper middle income,16096.40096,13
2040,Estimates,Brunei Darussalam,80920.04868,NA,HIC,3,NA,96,Country/Area,920,2020,31.672,34.683,31.309,33.775,35.2,34.496,38.141,38.427,35.64,32.363,27.992,22.229,17.186,11.327,6.211,3.358,2.175,0.958,0.281,0.055,0.005,BRN,East Asia & Pacific,High income,80920.04868,12
3165,Estimates,Bulgaria,21960.36994,NA,UMIC,2,NA,100,Country/Area,923,2020,312.73,336.652,370.613,315.268,299.467,390.45,480.839,476.752,534.664,527.321,476.55,468.154,467.298,455.294,424.6,285.768,191.839,101.275,28.222,4.51,0.179,BGR,Europe & Central Asia,Upper middle income,21960.36994,7
975,Estimates,Burkina Faso,1984.884306,NA,LIC,1,NA,854,Country/Area,914,2020,3472.482,3079.706,2722.658,2306.885,1919.894,1588.171,1320.365,1107.668,893.047,694.086,553.579,423.911,316.842,222.035,148.021,86.216,36.133,9.873,1.579,0.126,0.001,BFA,Sub-Saharan Africa,Low income,1984.884306,15
405,Estimates,Burundi,744.182072,NA,LIC,1,NA,108,Country/Area,910,2020,2053.84,1818.607,1508.36,1216.932,1042.77,986.811,875.169,664.378,446.705,300.927,259.788,232.186,201.291,138.34,70.37,41.759,21.866,8.435,1.964,0.266,0.017,BDI,Sub-Saharan Africa,Low income,744.182072,15
990,Estimates,Cabo Verde,7454.063917,NA,LMIC,1,NA,132,Country/Area,914,2020,51.932,53.144,51.053,48.884,45.959,51.886,52.533,45.753,35.784,29.122,25.257,22.655,15.414,10.959,4.731,4.325,3.896,2.082,0.56,0.054,0.005,CPV,Sub-Saharan Africa,Lower middle income,7454.063917,15
2055,Estimates,Cambodia,4360.854404,NA,LMIC,1,NA,116,Country/Area,920,2020,1778.977,1751.61,1639.744,1460.325,1528.306,1589.299,1241.298,1647.97,626.899,802.188,732.822,654.662,453.519,363.257,221.238,131.207,63.482,25.586,5.785,0.757,0.04,KHM,East Asia & Pacific,Lower middle income,4360.854404,12
735,Estimates,Cameroon,3785.079978,NA,LMIC,1,NA,120,Country/Area,911,2020,4115.703,3730.323,3320.209,2856.25,2419.998,2131.789,1860.818,1539.024,1203.235,938.608,729.131,559.346,420.4,312.899,209.912,122.822,56.789,16.301,2.193,0.11,0.004,CMR,Sub-Saharan Africa,Lower middle income,3785.079978,15
3810,Estimates,Canada,48130.25597,NA,HIC,3,NA,124,Country/Area,918,2020,1993.132,1977.789,1983.001,1988.319,2363.469,2733.147,2626.365,2652.296,2463.309,2383.358,2423.48,2758.953,2562.565,2150.179,1792.853,1225.823,814.597,518.702,252.681,69.593,8.546,CAN,North America,High income,48130.25597,1
750,Estimates,Central African Republic,859.9356196,NA,LIC,1,NA,140,Country/Area,911,2020,738.242,697.367,667.354,597.254,482.771,357.219,277.127,224.208,182.948,156.581,129.029,103.567,80.954,58.107,37.685,23.821,11.481,3.491,0.523,0.033,0.002,CAF,Sub-Saharan Africa,Low income,859.9356196,15
765,Estimates,Chad,1968.258262,NA,LIC,1,NA,148,Country/Area,911,2020,2930.435,2522.114,2183.878,1854.85,1535.501,1245.516,989.985,779.661,610.04,472.791,362.367,292.28,236.024,181.325,112.184,68.477,33.615,11.769,2.661,0.359,0.027,TCD,Sub-Saharan Africa,Low income,1968.258262,15
3315,Estimates,Channel Islands,0,20,HIC,3,NA,830,Country/Area,924,2020,8.702,8.861,8.47,9.31,10.437,11.332,11.779,12.11,11.623,13.291,13.714,12.464,10.619,9.393,7.644,5.649,4.274,2.535,1.207,0.372,0.073,CHI,Europe & Central Asia,High income,NA,7
2685,Estimates,Chile,25222.52778,NA,HIC,3,NA,152,Country/Area,931,2020,1162.223,1265.856,1249.637,1244.242,1402.909,1592.629,1545.821,1399.583,1324.096,1254.308,1214.595,1137.676,982.299,809.488,581.299,411.827,274.26,162.146,77.228,20.356,3.731,CHL,Latin America & Caribbean,High income,25222.52778,13
1905,Estimates,China,18236.61298,8,UMIC,2,NA,156,Country/Area,906,2020,83932.437,86735.183,84262.751,82341.859,87158.167,97989.003,128738.97,100091.455,96274.146,119837.617,123445.382,98740.491,77514.139,74149.766,44949.689,26544.616,16181.417,7581.777,2305.024,475.193,74.692,CHN,East Asia & Pacific,Upper middle income,18236.61298,12
1920,Estimates,"Hong Kong SAR, China",64596.56385,9,HIC,3,NA,344,Country/Area,906,2020,362.563,301.632,285.856,266.803,374.346,493.283,536.342,585.823,565.562,563.568,568.882,639.024,589.09,459.791,344.127,180.957,177.823,119.62,59.859,18.476,3.561,HKG,East Asia & Pacific,High income,64596.56385,10
1935,Estimates,"Macao SAR, China",123892.1664,10,HIC,3,NA,446,Country/Area,906,2020,35.933,32.884,24.392,22.442,36.025,52.307,67.616,62.186,43.958,49.444,46.928,52.687,44.803,34.191,20.659,9.222,6.575,4.394,2.079,0.539,0.078,MAC,East Asia & Pacific,High income,123892.1664,12
1950,Estimates,"China, Taiwan Province of China",NA,11,HIC,3,NA,158,Country/Area,906,2020,1011.137,1041.749,975.803,1213.008,1502.279,1618.075,1621.625,1926.961,2032.452,1755.391,1806.638,1852.58,1684.376,1416.638,903.13,585.67,438.185,272.016,122.053,32.817,4.192,NA,NA,NA,NA,12
2700,Estimates,Colombia,15012.93027,NA,UMIC,2,NA,170,Country/Area,931,2020,3710.699,3703.456,3873.485,4246.391,4421.466,4425.595,4056.807,3753.492,3421.069,3029.718,2908.465,2635.515,2086.45,1684.908,1187.636,792.125,516.269,278.541,115.655,31.139,4.003,COL,Latin America & Caribbean,Upper middle income,15012.93027,13
420,Estimates,Comoros,2913.387306,NA,LMIC,1,NA,174,Country/Area,910,2020,123.508,114.13,101.676,89.592,79.58,71.265,63.671,53.706,42.657,34.379,28.128,22.764,17.534,12.122,7.145,4.514,2.249,0.78,0.173,0.021,0.001,COM,Sub-Saharan Africa,Lower middle income,2913.387306,15
780,Estimates,Republic of the Congo,5662.063411,NA,LMIC,1,NA,178,Country/Area,911,2020,821.959,770.376,684.997,572.967,476.267,397.994,353.823,326.256,293.52,242.294,188.974,138.918,97.295,67.442,43.871,25.526,11.703,3.415,0.473,0.022,0,COG,Sub-Saharan Africa,Lower middle income,5662.063411,15
2520,Estimates,Costa Rica,17671.09535,NA,UMIC,2,NA,188,Country/Area,916,2020,348.002,357.596,355.406,363.431,400.231,424.225,430.581,395.074,348.236,302.326,304.942,297.453,244.307,178.701,138.64,92.225,59.91,33.38,14.689,4.127,0.632,CRI,Latin America & Caribbean,Upper middle income,17671.09535,13
1005,Estimates,Cote d'Ivoire,4207.086934,NA,LMIC,1,NA,384,Country/Area,914,2020,4131.2,3619.086,3198.933,2905.925,2538.481,2122.513,1741.072,1431.143,1185.297,932.255,738.521,598.705,474.769,347.297,214.636,127.108,54.992,14.476,1.776,0.087,0.003,CIV,Sub-Saharan Africa,Lower middle income,4207.086934,15
3525,Estimates,Croatia,27579.78083,NA,HIC,3,NA,191,Country/Area,925,2020,184.151,201.625,211.194,196.912,236.131,236.069,257.519,281.772,288.137,268.865,281.014,300.369,289.048,276.33,206.036,155.919,133.892,71.205,25.034,3.81,0.236,HRV,Europe & Central Asia,High income,27579.78083,7
2295,Estimates,Cuba,0,NA,UMIC,2,NA,192,Country/Area,915,2020,571.283,628.093,603.903,642.829,701.268,719.751,831.041,691.992,617.644,944.338,998.474,968.821,606.994,567.028,449.129,355.078,229.564,121.626,56.178,18.439,3.143,CUB,Latin America & Caribbean,Upper middle income,NA,13
2310,Estimates,Curacao,27743.07005,13,HIC,3,NA,531,Country/Area,915,2020,8.996,10.335,10.497,11.077,9.501,10.037,9.328,9.395,9.236,11.045,11.639,12.787,11.234,9.471,7.787,5.218,3.516,1.911,0.795,0.249,0.046,CUW,Latin America & Caribbean,High income,27743.07005,13
1395,Estimates,Cyprus,0,5,HIC,3,NA,196,Country/Area,922,2020,64.817,67.576,67.755,73.902,93.462,98.34,96.456,91.933,87.237,79.391,75.782,71.756,64.989,55.412,45.844,32.837,23.171,11.479,4.269,0.854,0.099,CYP,Europe & Central Asia,High income,NA,7
3180,Estimates,Czechia,39743.59709,NA,HIC,3,NA,203,Country/Area,923,2020,558.81,554.836,573.613,487.718,471.397,633.942,716.916,761.294,930.407,867.947,693.997,657.273,643.722,680.895,612.775,418.324,235.463,143.813,54.174,11.279,0.387,CZE,Europe & Central Asia,High income,39743.59709,7
1965,Estimates,North Korea,0,NA,LIC,1,NA,408,Country/Area,906,2020,1746.093,1684.278,1684.99,1876.239,1940.873,1984.843,1851.025,1790.869,1556.431,2157.885,2140.489,1482.297,1472.517,662.166,745.082,558.877,308.657,105.826,25.428,3.683,0.267,PRK,East Asia & Pacific,Low income,NA,12
795,Estimates,Democratic Republic of Congo,932.1720068,NA,LIC,1,NA,180,Country/Area,911,2020,15827.439,13659.867,11527.51,9472.51,7729.713,6439.523,5340.933,4421.401,3629.088,2976.441,2421.737,1925.266,1486.411,1099.43,789.01,479.676,232.525,81.751,18.575,2.419,0.179,COD,Sub-Saharan Africa,Low income,932.1720068,15
3330,Estimates,Denmark,55671.16527,21,HIC,3,NA,208,Country/Area,924,2020,308.596,297.433,337.045,338.903,373.946,402.016,355.016,317.274,360.966,377.241,421.735,388.391,345.703,308.827,351.301,234.837,147.182,78.137,36.193,10.135,1.326,DNK,Europe & Central Asia,High income,55671.16527,7
435,Estimates,Djibouti,0,NA,LMIC,1,NA,262,Country/Area,910,2020,99.162,97.948,88.543,90.777,90.208,87.12,86.291,76.125,66.787,54.135,42.4,35.677,26.328,18.006,13.937,8.393,4.165,1.563,0.382,0.051,0.004,DJI,Middle East & North Africa,Lower middle income,NA,15
2325,Estimates,Dominican Republic,17748.18532,NA,UMIC,2,NA,214,Country/Area,915,2020,1002.829,996.519,977.245,958.63,939.563,914.754,825.573,738.809,668.263,606.226,541.435,472.9,388.564,293.575,204.15,137.35,94.846,52.907,23.314,8.053,2.399,DOM,Latin America & Caribbean,Upper middle income,17748.18532,13
2715,Estimates,Ecuador,11734.38739,NA,UMIC,2,NA,218,Country/Area,931,2020,1667.087,1610.643,1555.045,1560.94,1566.534,1469.654,1363.153,1229.686,1099.016,989.224,864.304,726.835,601.634,486.104,328.07,242.054,152.26,82.385,35.077,10.846,2.509,ECU,Latin America & Caribbean,Upper middle income,11734.38739,13
1245,Estimates,Egypt,12412.3094,NA,LMIC,1,NA,818,Country/Area,912,2020,12697.212,12331.328,9684.339,8701.092,8416.595,8094.535,8065.175,7133.174,6040.505,4908.097,4213.235,3631.657,2961.315,2161.342,1665.619,865.361,483.976,209.595,59,10.284,0.967,EGY,Middle East & North Africa,Lower middle income,12412.3094,15
2535,Estimates,El Salvador,8331.804142,NA,LMIC,1,NA,222,Country/Area,916,2020,576.216,570.607,577.896,587.927,633.084,582.73,474.241,408.201,381.604,343.538,303.127,264.944,220.967,185.329,139.605,108.786,74.608,37.717,12.339,2.5,0.235,SLV,Latin America & Caribbean,Lower middle income,8331.804142,13
810,Estimates,Equatorial Guinea,22743.82443,NA,UMIC,2,NA,226,Country/Area,911,2020,199.653,172.01,144.346,120.951,138.192,148.193,143.663,105.318,68.702,46.66,37.187,25.03,19.668,15.211,9.124,5.597,2.536,0.823,0.115,0.006,0,GNQ,Sub-Saharan Africa,Upper middle income,22743.82443,15
450,Estimates,Eritrea,0,NA,LIC,1,NA,232,Country/Area,910,2020,495.07,476.7,486.693,373.932,285.247,286.989,269.281,191.483,141.245,139.597,88.101,83.849,68.421,59.906,47.223,29.859,15.2,5.761,1.548,0.294,0.028,ERI,Sub-Saharan Africa,Low income,NA,15
3345,Estimates,Estonia,35973.77646,NA,HIC,3,NA,233,Country/Area,924,2020,69.176,74.485,75.193,62.295,58.008,87.546,101.57,92.061,88.573,96.365,76.415,88.868,85.725,83.747,53.147,54.282,43.508,23.427,10.146,1.864,0.138,EST,Europe & Central Asia,High income,35973.77646,7
885,Estimates,Eswatini,10637.84173,NA,LMIC,1,NA,748,Country/Area,913,2020,143.677,142.943,147.779,129.239,112.817,100.07,82.554,78.775,60.204,44.195,29.594,22.123,19.639,16.883,13.551,9.034,4.904,1.779,0.361,0.04,0.003,SWZ,Sub-Saharan Africa,Lower middle income,10637.84173,15
465,Estimates,Ethiopia,2022.137961,NA,LIC,1,NA,231,Country/Area,910,2020,16791.484,15246.064,13853.199,12975.795,11746.856,9692.189,7518.893,6273.985,4933.945,4104.708,3228.746,2475.32,2056.264,1568.29,1188.435,740.933,371.805,152.113,38.737,5.378,0.444,ETH,Sub-Saharan Africa,Low income,2022.137961,15
2910,Estimates,Fiji,10879.47846,NA,UMIC,2,NA,242,Country/Area,928,2020,89.39,87.75,82.927,75.208,71.883,70.062,66.837,68.117,57.042,49.481,47.401,44.036,34.16,22.959,15.417,8.216,4.051,1.222,0.257,0.026,0.002,FJI,East Asia & Pacific,Upper middle income,10879.47846,12
3360,Estimates,Finland,48416.93603,22,HIC,3,NA,246,Country/Area,924,2020,264.132,304.547,310.362,296.298,313.253,359.1,347.432,359.148,345.452,314.108,351.007,369.548,356.648,355.677,357.602,225.386,159.123,96.401,44.211,10.308,0.975,FIN,Europe & Central Asia,High income,48416.93603,4
3720,Estimates,France,45342.39574,27,HIC,3,NA,250,Country/Area,926,2020,3619.987,3907.487,3995.688,3887.789,3697.019,3674.01,3941.533,4069.517,3943.397,4382.27,4363.401,4271.656,3973.248,3791.538,3523.616,2204.088,1812.327,1329.814,664.899,200.785,19.443,FRA,Europe & Central Asia,High income,45342.39574,9
2730,Estimates,French Guiana,NA,2,UMIC*,2,NA,254,Country/Area,931,2020,35.621,30.5,28.955,28.598,25.329,20.78,18.573,20.146,19.499,17.491,14.918,11.793,9.853,7.373,4.377,2.845,1.196,0.506,0.241,0.076,0.012,NA,NA,NA,NA,13
3060,Estimates,French Polynesia,0,2,HIC,3,NA,258,Country/Area,957,2020,20.092,19.542,22.79,21.344,21.458,18.922,22.667,20.7,18.914,20.674,18.952,16.697,12.68,10.362,5.881,4.942,2.453,1.393,0.356,0.077,0.008,PYF,East Asia & Pacific,High income,NA,12
825,Estimates,Gabon,17875.76115,NA,UMIC,2,NA,266,Country/Area,911,2020,320.376,279.63,229.39,193.38,179.407,188.006,188.812,161.254,128.844,103.32,78.748,55.404,40.613,30.69,22.07,14.623,7.86,2.816,0.462,0.023,0,GAB,Sub-Saharan Africa,Upper middle income,17875.76115,15
1020,Estimates,Gambia,2612.000995,NA,LIC,1,NA,270,Country/Area,914,2020,409.506,352.804,299.82,257.037,228.183,200.996,160.385,122.746,97.721,76.346,65.53,50.381,34.036,25.245,19.007,11.001,4.536,1.198,0.174,0.012,0,GMB,Sub-Saharan Africa,Low income,2612.000995,15
1410,Estimates,Georgia,12004.57383,6,UMIC,2,NA,268,Country/Area,922,2020,268.345,284.818,253.462,217.595,233.413,267.285,289.585,275.491,263.948,253.998,245.82,277.803,249.13,210.728,150.386,98.4,96.49,36.977,13.533,1.846,0.122,GEO,Europe & Central Asia,Upper middle income,12004.57383,7
3735,Estimates,Germany,53074.54012,NA,HIC,3,NA,276,Country/Area,926,2020,4058.679,3822.225,3811.645,4118.971,4553.436,4823.925,5441.865,5430.155,5059.667,5183.684,6681.221,6807.172,5820.703,4823.439,3833.823,3637.591,3259.094,1635.049,758.147,204.159,19.295,DEU,Europe & Central Asia,High income,53074.54012,3
1035,Estimates,Ghana,4746.684995,NA,LMIC,1,NA,288,Country/Area,914,2020,4169.436,3888.435,3479.871,3136.85,2860.336,2538.255,2266.062,1924.356,1625.913,1405.337,1189.26,945.719,667.312,423.755,298.344,158.446,69.641,21.412,3.84,0.35,0.015,GHA,Sub-Saharan Africa,Lower middle income,4746.684995,15
3540,Estimates,Greece,29592.15242,NA,HIC,3,NA,300,Country/Area,925,2020,409.459,471.668,542.237,526.618,529.416,527.8,597.812,738.703,780.463,793.946,796.343,709.351,676.528,580.634,549.464,406.619,394.392,260.756,104.969,23.197,2.681,GRC,Europe & Central Asia,High income,29592.15242,7
2340,Estimates,Grenada,15557.54504,NA,UMIC,2,NA,308,Country/Area,915,2020,9.012,9.119,8.623,7.514,8.699,9.59,9.345,8.865,6.561,6.31,5.917,6.228,5.718,3.858,2.793,1.995,1.386,0.702,0.243,0.038,0.003,GRD,Latin America & Caribbean,Upper middle income,15557.54504,13
2355,Estimates,Guadeloupe,NA,2,UMIC*,2,NA,312,Country/Area,915,2020,22.897,22.097,28.714,29.799,28.16,18.718,16.279,17.481,21.521,27.786,30.74,31.462,27.039,23.53,19.38,13.562,9.728,6.399,3.344,1.192,0.299,NA,NA,NA,NA,13
3000,Estimates,Guam,0,14,HIC,3,NA,316,Country/Area,954,2020,13.545,13.435,13.29,13.871,13.827,13.204,11.718,10.117,9.66,10.276,10.225,9.939,7.891,6.44,4.953,2.828,2.08,1.071,0.331,0.071,0.011,GUM,East Asia & Pacific,High income,NA,12
2550,Estimates,Guatemala,8462.374008,NA,UMIC,2,NA,320,Country/Area,916,2020,2065.382,1982.085,1926.021,1945.584,1802.495,1610.664,1354.136,1177.928,956.404,745.589,583.906,469.911,392.152,326.7,221.43,161.077,108.841,58.937,21.501,4.36,0.464,GTM,Latin America & Caribbean,Upper middle income,8462.374008,13
1050,Estimates,Guinea,2504.869745,NA,LIC,1,NA,324,Country/Area,914,2020,2100.111,1865.513,1687.906,1511.548,1305.025,1060.714,828.439,642.427,500.181,398.258,332.921,281.603,230.427,177.722,105.836,65.414,29.197,8.182,1.27,0.094,0.004,GIN,Sub-Saharan Africa,Low income,2504.869745,15
1065,Estimates,Guinea-Bissau,1799.067891,NA,LIC,1,NA,624,Country/Area,914,2020,305.111,277.238,242.778,207.251,180.991,161.393,138.905,115.601,87.932,68.643,51.101,41.087,33.175,27.241,15.609,9.028,3.701,1.062,0.144,0.007,0,GNB,Sub-Saharan Africa,Low income,1799.067891,15
2745,Estimates,Guyana,8640.73737,NA,UMIC,2,NA,328,Country/Area,931,2020,73.864,73.764,70.499,74.852,77.395,67.911,44.034,49.075,45.3,45.225,42.774,36.563,30.245,21.111,15.024,7.916,6.768,2.178,1.268,0.663,0.13,GUY,Latin America & Caribbean,Upper middle income,8640.73737,13
2370,Estimates,Haiti,1866.617589,NA,LIC,1,NA,332,Country/Area,915,2020,1262.943,1237.836,1202.069,1144.46,1065.198,979.259,905.799,825.857,627.216,479.271,423.749,365.875,292.954,230.978,150.812,109.403,61.69,26.502,8.369,1.964,0.329,HTI,Latin America & Caribbean,Low income,1866.617589,13
2565,Estimates,Honduras,5138.752457,NA,LMIC,1,NA,340,Country/Area,916,2020,1017.017,988.975,1023.648,1040.99,1014.731,890.687,783.566,687.371,579.933,467.803,381.155,298.856,237.302,182.776,122.731,82.58,55.285,31.705,13.285,3.721,0.491,HND,Latin America & Caribbean,Lower middle income,5138.752457,13
3195,Estimates,Hungary,31102.50275,NA,HIC,3,NA,348,Country/Area,923,2020,461.142,447.424,483.361,485.846,517.943,633.747,612.164,644.978,814.684,773.529,648.151,553.237,636.319,670.113,475.771,370.805,239.744,132.075,45.781,12.918,0.618,HUN,Europe & Central Asia,High income,31102.50275,7
3375,Estimates,Iceland,57303.06078,NA,HIC,3,NA,352,Country/Area,924,2020,20.439,22.631,23.213,21.495,22.239,25.559,23.306,23.565,21.816,21.15,20.726,21.385,20.411,17.125,13.941,9.474,6.149,4.272,1.835,0.468,0.051,ISL,Europe & Central Asia,High income,57303.06078,7
1785,Estimates,India,7762.88177,NA,LMIC,1,NA,356,Country/Area,5501,2020,116879.507,117982.127,126155.952,126045.566,122504.804,117397.269,112176.098,103460.178,90219.894,79440.28,68875.962,59256.268,48890.528,38260.283,24091.443,15083.955,8489.011,3531.139,992.985,223.197,47.939,IND,South Asia,Lower middle income,7762.88177,14
2070,Estimates,Indonesia,13079.6193,NA,LMIC,1,NA,360,Country/Area,920,2020,23658.296,24298.15,22984.659,23318.346,22653.27,20918.156,19973.248,21193.374,19680.74,18165.985,15954.982,13200.117,10394.846,7136.365,4617.543,2956.932,1631.677,593.134,168.993,23.245,1.563,IDN,East Asia & Pacific,Lower middle income,13079.6193,12
1800,Estimates,Iran,0,NA,UMIC,2,NA,364,Country/Area,5501,2020,7637.559,6928.297,6217.945,5529.983,5556.228,6786.679,8466.702,8272.744,6491.321,5164.295,4618.479,3676.852,3132.274,2264.631,1448.001,906.606,551.612,277.481,56.676,8.07,0.518,IRN,Middle East & North Africa,Upper middle income,NA,12
1425,Estimates,Iraq,17435.85393,NA,UMIC,2,NA,368,Country/Area,922,2020,5380.423,5229.807,4559.181,4151.576,3799.871,3365.719,2927.362,2476.321,2150.018,1786.602,1414.995,926.157,669.716,622.677,331.945,241.773,126.606,48.393,11.524,1.67,0.167,IRQ,Middle East & North Africa,Upper middle income,17435.85393,12
3390,Estimates,Ireland,83203.39468,NA,HIC,3,NA,372,Country/Area,924,2020,313.653,358.29,356.711,312.036,289.684,277.653,310.946,384.982,395.554,367.674,312.197,288.736,249.848,230.937,196.806,133.857,88.108,45.73,18.39,5.364,0.64,IRL,Europe & Central Asia,High income,83203.39468,7
1440,Estimates,Israel,39919.16965,NA,HIC,3,NA,376,Country/Area,922,2020,847.828,823.268,737.609,667.454,623.973,573.002,564.708,557.537,543.672,496.505,417.521,377.975,349.957,353.686,288.699,170.961,124.414,83.85,40.126,11.548,1.248,ISR,Middle East & North Africa,High income,39919.16965,7
3555,Estimates,Italy,41830.42633,NA,HIC,3,NA,380,Country/Area,925,2020,2324.694,2670.301,2857.357,2876.091,2942.506,3160.93,3365.512,3632.922,4188.984,4833.02,4908.246,4658.946,3953.567,3531.295,3391.798,2637.11,2302.393,1397.261,639.739,172.639,16.517,ITA,Europe & Central Asia,High income,41830.42633,8
2385,Estimates,Jamaica,9326.664059,NA,UMIC,2,NA,388,Country/Area,915,2020,230.823,233.966,226.882,239.718,261.17,254.326,232.494,210.889,178.572,178.858,171.265,149.268,124.125,90.416,70.719,48.802,32.092,17.745,7.326,1.491,0.214,JAM,Latin America & Caribbean,Upper middle income,9326.664059,13
1980,Estimates,Japan,42797.45852,NA,HIC,3,NA,392,Country/Area,906,2020,4778.481,5401.488,5564.526,5702.645,5996.877,6150.448,6789.745,7665.671,8468.421,10004.654,8658.611,7882.904,7496.122,8379.113,9127.318,7058.057,5339.049,3630.344,1785.823,517.525,78.636,JPN,East Asia & Pacific,High income,42797.45852,7
1455,Estimates,Jordan,9478.904588,NA,UMIC,2,NA,400,Country/Area,922,2020,1058.122,1154.441,1139.559,1040.294,940.151,862.385,777.482,713.126,606.717,534.628,433.223,322.368,217.239,149.039,111.528,79.223,43.119,16.283,3.741,0.444,0.028,JOR,Middle East & North Africa,Upper middle income,9478.904588,12
1650,Estimates,Kazakhstan,27879.75195,NA,UMIC,2,NA,398,Country/Area,5500,2020,1920.184,1947.826,1604.307,1116.616,1100.046,1473.146,1657.57,1335.925,1183.701,1102.72,977.68,1061.761,811.338,627.571,319.982,232.523,215.623,62.111,22.784,3.069,0.224,KAZ,Europe & Central Asia,Upper middle income,27879.75195,7
480,Estimates,Kenya,3467.556478,NA,LMIC,1,NA,404,Country/Area,910,2020,7044.364,6969.546,6736.223,6010.656,5236.593,4357.681,4022.692,3447.454,2759.45,2143.595,1604.073,1201.53,888.215,630.611,381.067,193.272,101.724,36.394,5.808,0.343,0.009,KEN,Sub-Saharan Africa,Lower middle income,3467.556478,15
3015,Estimates,Kiribati,2293.920333,NA,LMIC,1,NA,296,Country/Area,954,2020,15.16,14.303,13.438,10.194,10.897,9.627,9.061,7.543,6.24,4.933,5.432,4.556,3.028,2.113,1.462,0.868,0.373,0.148,0.056,0.012,0.002,KIR,East Asia & Pacific,Lower middle income,2293.920333,12
1470,Estimates,Kuwait,72897.56235,NA,HIC,3,NA,414,Country/Area,922,2020,289.689,318.637,308.23,224.996,207.094,237.788,366.397,512.159,514.762,450.607,347.201,214.098,149.263,71,32.152,16.398,7.941,1.992,0.143,0.016,0,KWT,Middle East & North Africa,High income,72897.56235,12
1665,Estimates,Kyrgyz Republic,3884.708809,NA,LMIC,1,NA,417,Country/Area,5500,2020,760.255,769.195,600.626,500.075,514.389,568.551,572.187,442.518,361.459,324.976,295.973,285.462,220.069,143.755,78.619,32.595,32.507,15.592,4.435,0.897,0.056,KGZ,Europe & Central Asia,Lower middle income,3884.708809,7
2085,Estimates,Lao PDR,7439.59936,NA,LMIC,1,NA,418,Country/Area,920,2020,796.887,769.855,757.599,708.652,691.999,670.626,590.926,495.603,416.557,356.127,288.932,237.645,184.27,133.701,84.637,51.527,27.328,10.037,2.34,0.288,0.02,LAO,East Asia & Pacific,Lower middle income,7439.59936,12
3405,Estimates,Latvia,30304.8525,NA,HIC,3,NA,428,Country/Area,924,2020,114.02,93.749,102.172,86.552,69.531,118.692,142.259,120.963,120.748,133.139,119.177,145.065,129.931,120.213,74.721,87.983,49.474,34.973,17.612,4.669,0.559,LVA,Europe & Central Asia,High income,30304.8525,7
1485,Estimates,Lebanon,13081.10746,NA,UMIC,2,NA,422,Country/Area,922,2020,566.127,586.03,558.896,576.101,593.172,583.402,522.019,487.627,453.018,409.725,390.373,334.405,249.291,198.476,131.481,80.092,62.774,32.67,8.188,1.425,0.15,LBN,Middle East & North Africa,Upper middle income,13081.10746,12
900,Estimates,Lesotho,3219.457157,NA,LMIC,1,NA,426,Country/Area,913,2020,253.513,225.235,211.871,216.95,203.923,191.269,174.746,152.535,119.473,90.778,74.699,66.072,55.17,41.643,29.688,18.621,10.314,4.562,1.065,0.114,0.011,LSO,Sub-Saharan Africa,Lower middle income,3219.457157,15
1080,Estimates,Liberia,1308.629536,NA,LIC,1,NA,430,Country/Area,914,2020,740.493,678.323,623.08,551.945,463.072,377.781,334.305,295.503,245.405,198.791,158.075,125.753,97.312,71.158,45.007,31.448,15.002,4.52,0.667,0.037,0,LBR,Sub-Saharan Africa,Low income,1308.629536,15
1260,Estimates,Libya,20764.16414,NA,UMIC,2,NA,434,Country/Area,912,2020,623.998,661.423,623.749,561.995,542.181,553.235,585.24,578.228,564.55,484.65,371.907,245.247,163.904,120.355,79.791,59.135,33.901,13.772,3.511,0.482,0.033,LBY,Middle East & North Africa,Upper middle income,20764.16414,12
3420,Estimates,Lithuania,35461.3591,NA,HIC,3,NA,440,Country/Area,924,2020,145.118,155.557,120.68,122.161,133.645,183.233,186.363,151.202,161.179,194.73,184.854,235.704,186.583,166.228,108.457,114.826,83.342,55.827,25.757,6.274,0.571,LTU,Europe & Central Asia,High income,35461.3591,7
3750,Estimates,Luxembourg,113337.4205,NA,HIC,3,NA,442,Country/Area,926,2020,33.249,32.657,31.481,34.42,39.835,45.698,49.138,49.178,46.555,48.045,48.183,42.673,34.781,27.342,22.223,15.65,12.253,8.375,3.471,0.706,0.063,LUX,Europe & Central Asia,High income,113337.4205,6
495,Estimates,Madagascar,1891.320668,NA,LIC,1,NA,450,Country/Area,910,2020,4109.427,3653.51,3330.79,3012.138,2675.744,2222.992,1829.738,1541.17,1314.071,1073.787,858.467,681.298,529.275,385.933,224.722,135.141,73.493,29.957,7.933,1.305,0.128,MDG,Sub-Saharan Africa,Low income,1891.320668,15
510,Estimates,Malawi,1310.995555,NA,LIC,1,NA,454,Country/Area,910,2020,2923.943,2738.576,2561.842,2176.211,1838.717,1538.801,1292.429,993.594,806.787,629.954,481.315,364.833,277.622,202.626,152.766,91.476,42.803,13.354,2.162,0.139,0.005,MWI,Sub-Saharan Africa,Low income,1310.995555,15
2100,Estimates,Malaysia,31782.15336,12,UMIC,2,NA,458,Country/Area,920,2020,2635.111,2508.078,2446.026,2669.743,2863.057,2907.311,2929.646,2721.572,2095.698,1894.835,1674.475,1471.562,1223.817,927.548,657.88,367.301,229.56,103.35,31.442,6.891,1.095,MYS,East Asia & Pacific,Upper middle income,31782.15336,12
1815,Estimates,Maldives,15307.72194,NA,UMIC,2,NA,462,Country/Area,5501,2020,35.579,37.242,33.125,26.313,51.053,88.631,82.881,54.726,36.768,27.881,20.03,15.286,11.607,6.557,4.381,4.085,2.754,1.217,0.341,0.074,0.011,MDV,South Asia,Upper middle income,15307.72194,14
1095,Estimates,Mali,2316.6552,NA,LIC,1,NA,466,Country/Area,914,2020,3605.514,3154.805,2759.052,2250.41,1775.973,1427.845,1167.473,992.982,827.089,658.872,489.221,359.898,280.058,221.233,141.233,89.85,36.676,10.714,1.791,0.138,0.007,MLI,Sub-Saharan Africa,Low income,2316.6552,15
3570,Estimates,Malta,42581.09786,NA,HIC,3,NA,470,Country/Area,925,2020,21.674,21.428,20.365,20.562,25.05,30.162,32.927,32.426,31.153,28.293,25.036,28.176,30.131,27.549,27.97,17.196,11.642,6.519,2.553,0.649,0.078,MLT,Middle East & North Africa,High income,42581.09786,7
2400,Estimates,Martinique,NA,2,UMIC*,2,NA,474,Country/Area,915,2020,18.353,17.6,22.799,24.323,24.395,16.977,16.928,17.174,18.747,25.44,30.456,32.339,28.311,24.156,19.568,14.104,11.245,7.638,3.361,1.116,0.235,NA,NA,NA,NA,13
1110,Estimates,Mauritania,4150.965246,NA,LMIC,1,NA,478,Country/Area,914,2020,689.874,617.954,537.394,470.161,416.127,371.775,334.301,285.478,234.615,188.017,149.658,117.492,89.051,62.022,41.686,25.5,12.755,4.616,1.042,0.133,0.009,MRT,Sub-Saharan Africa,Lower middle income,4150.965246,15
525,Estimates,Mauritius,23750.98804,1,UMIC,2,NA,480,Country/Area,910,2020,64.048,68.838,80.576,94.588,94.111,102.698,88.439,86.669,99.352,82.738,85.134,90.215,75.135,62.855,44.574,24.639,15.427,7.907,2.924,0.781,0.119,MUS,Sub-Saharan Africa,Upper middle income,23750.98804,15
540,Estimates,Mayotte,NA,2,UMIC*,2,NA,175,Country/Area,910,2020,36.078,35.396,34.932,29.634,24.882,18.745,17.143,15.843,14.988,12.361,9.196,6.968,5.276,4.096,2.925,2.073,1.247,0.66,0.27,0.083,0.017,NA,NA,NA,NA,15
2580,Estimates,Mexico,19844.64567,NA,UMIC,2,NA,484,Country/Area,916,2020,10958.742,11210.511,11140.87,11209.593,10939.819,10795.774,9789.88,9090.15,8531.964,8015.794,6924.917,5833.054,4669.454,3595.499,2466.707,1722.006,1058.504,609.984,275.132,81.437,12.962,MEX,Latin America & Caribbean,Upper middle income,19844.64567,13
3030,Estimates,Micronesia,NA,NA,LMIC,1,NA,583,Country/Area,954,2020,12.265,11.783,11.829,11.47,11.648,10.7,8.263,6.825,5.978,5.451,5.111,4.674,3.974,2.758,1.403,0.526,0.253,0.09,0.018,0.002,0,FSM,East Asia & Pacific,Lower middle income,3553.061455,12
1995,Estimates,Mongolia,13799.90485,NA,LMIC,1,NA,496,Country/Area,906,2020,375.46,362.015,281.841,218.602,228.499,271.517,309.399,254.881,222.852,200.194,168.357,145.695,97.609,60.753,35.624,24.265,13.237,5.717,1.506,0.246,0.023,MNG,East Asia & Pacific,Lower middle income,13799.90485,12
3585,Estimates,Montenegro,20689.98675,NA,UMIC,2,NA,499,Country/Area,925,2020,36.906,37.037,39.389,39.148,41.268,42.928,42.561,45.787,42.874,41.048,38.143,42.177,39.754,37.191,24.534,15.904,13.154,6.343,1.696,0.208,0.012,MNE,Europe & Central Asia,Upper middle income,20689.98675,7
1275,Estimates,Morocco,8586.6387,NA,LMIC,1,NA,504,Country/Area,912,2020,3325.038,3427.577,3127.603,2969.593,2874.344,3008.934,2862.559,2743.797,2360.473,2091.959,1924.565,1819.219,1567.238,1167.781,682.105,514.973,310.457,110.917,19.893,1.472,0.061,MAR,Middle East & North Africa,Lower middle income,8586.6387,12
555,Estimates,Mozambique,1459.698413,NA,LIC,1,NA,508,Country/Area,910,2020,5156.628,4561.154,4054.236,3541.222,2912.557,2381.938,1961.629,1627.11,1287.698,1001.59,782.62,617.547,475.03,368.632,262.22,158.625,76.714,24.3,3.738,0.237,0.01,MOZ,Sub-Saharan Africa,Low income,1459.698413,15
2115,Estimates,Myanmar,6674.028647,NA,LMIC,1,NA,104,Country/Area,920,2020,4508.556,4512.705,4845.4,5071.244,4759.011,4404.07,4127.737,3945.262,3759.985,3459.985,3051.348,2521.871,2049.578,1554.386,891.296,531.734,279.501,108.124,24.686,3.096,0.219,MMR,East Asia & Pacific,Lower middle income,6674.028647,12
915,Estimates,Namibia,11101.82628,NA,UMIC,2,NA,516,Country/Area,913,2020,336.078,318.448,281.578,244.856,244.311,228.398,197.388,159.459,130.73,106.827,82.468,67.866,51.391,36.07,24.28,16.851,9.349,3.642,0.85,0.074,0.002,NAM,Sub-Saharan Africa,Upper middle income,11101.82628,15
1830,Estimates,Nepal,3089.556352,NA,LIC,1,NA,524,Country/Area,5501,2020,2706.773,2756.21,2931.249,3188.881,3221.524,2664.85,2069.262,1723.48,1597.026,1448.627,1263.391,1044.309,823.091,664.987,473.733,337.802,152.514,54.15,13.263,1.588,0.098,NPL,South Asia,Low income,3089.556352,14
3765,Estimates,Netherlands,56328.94114,28,HIC,3,NA,528,Country/Area,926,2020,858.9,893.863,937.7,1015.992,1020.747,1076.733,1077.138,1020.393,1004.922,1146.514,1273.712,1250.36,1124.957,1004.544,952.449,639.075,438.424,261.756,106.695,27.036,2.963,NLD,Europe & Central Asia,High income,56328.94114,7
2925,Estimates,New Caledonia,0,2,HIC,3,NA,540,Country/Area,928,2020,19.798,21.516,21.807,21.396,23.349,19.843,20.797,20.694,19.726,21.097,18.244,16.707,12.832,9.963,8.094,5.209,2.828,1.133,0.379,0.07,0.009,NCL,East Asia & Pacific,High income,NA,12
2865,Estimates,New Zealand,41005.42087,16,HIC,3,NA,554,Country/Area,927,2020,301.256,314.028,321.707,303.246,324.477,346.758,324.444,294.622,278.415,313.459,311.981,316.71,281.813,240.499,213.606,148.226,97.32,55.323,27.178,6.473,0.692,NZL,East Asia & Pacific,High income,41005.42087,7
2595,Estimates,Nicaragua,5533.551064,NA,LMIC,1,NA,558,Country/Area,916,2020,656.942,660.204,637.14,603.021,584.71,581.29,549.059,506.393,421.195,341.842,273.901,233.419,199.33,149.422,83.411,67.091,42.806,21.955,8.657,2.352,0.414,NIC,Latin America & Caribbean,Lower middle income,5533.551064,13
1125,Estimates,Niger,1063.421841,NA,LIC,1,NA,562,Country/Area,914,2020,4787.474,3970.552,3265.89,2635.235,2086.862,1630.495,1265.908,993.107,838.025,690.669,561.35,485.5,367.144,277.605,189.654,106.305,41.928,11.144,1.661,0.124,0.004,NER,Sub-Saharan Africa,Low income,1063.421841,15
1140,Estimates,Nigeria,5990.850432,NA,LMIC,1,NA,566,Country/Area,914,2020,33938.795,29913.646,25792.743,21910.447,18068.574,15108.845,13044.512,11323.538,9458.643,7578.818,5943.469,4756.702,3656.623,2601.903,1716.912,906.791,333.348,75.438,9.171,0.639,0.03,NGA,Sub-Saharan Africa,Lower middle income,5990.850432,15
3600,Estimates,North Macedonia,16358.66205,NA,UMIC,2,NA,807,Country/Area,925,2020,111.883,115.669,112.251,121.2,130.294,152.689,162.011,163.966,154.54,145.361,145.073,137.759,129.065,115.581,79.175,54.708,34.316,14.237,3.266,0.324,0.012,MKD,Europe & Central Asia,Upper middle income,16358.66205,7
3435,Estimates,Norway,65510.58527,23,HIC,3,NA,578,Country/Area,924,2020,301.748,312.575,321.226,321.805,353.269,373.114,376.835,361.889,347.418,377.512,377.386,335.122,311.183,274.973,266.78,179.668,113.269,70.818,33.614,9.958,1.08,NOR,Europe & Central Asia,High income,65510.58527,7
1500,Estimates,Oman,41859.93448,NA,HIC,3,NA,512,Country/Area,922,2020,453.666,378.907,315.751,214.553,329.057,756.486,868.013,571.807,400.326,284.643,181.717,133.883,89.584,53.203,28.263,24.795,12.881,5.639,2.459,0.774,0.215,OMN,Middle East & North Africa,High income,41859.93448,12
1845,Estimates,Pakistan,5567.055608,NA,LMIC,1,NA,586,Country/Area,5501,2020,27962.852,25499.38,23451.518,21975.918,20772.274,19158.088,16818.327,13997.696,11615.522,9633.225,8230.713,6891.9,5279.09,3623.324,2705.744,1853.185,961.863,364.849,85.303,10.72,0.84,PAK,South Asia,Lower middle income,5567.055608,14
2610,Estimates,Panama,25553.69671,NA,HIC,3,NA,591,Country/Area,916,2020,389.313,384.466,369.411,357.198,349.063,329.192,317.131,301.464,288.124,268.271,234.644,198.335,159.727,122.905,91.619,66.189,44.016,25.732,12.41,4.453,1.105,PAN,Latin America & Caribbean,High income,25553.69671,13
2940,Estimates,Papua New Guinea,4336.244657,NA,LMIC,1,NA,598,Country/Area,928,2020,1107.184,1043.164,994.174,923.709,836.809,717.375,636.511,584.026,510.591,427.793,348.733,280.386,217.02,155.066,89.797,46.858,20.258,6.242,1.244,0.084,0.003,PNG,East Asia & Pacific,Lower middle income,4336.244657,12
2760,Estimates,Paraguay,13599.92656,NA,UMIC,2,NA,600,Country/Area,931,2020,701.092,682.819,676.926,659.352,677.788,643.255,595.068,514.058,406.934,320.704,290.815,257.549,220.376,181.786,127.51,86.215,53.863,24.197,9.67,2.232,0.321,PRY,Latin America & Caribbean,Upper middle income,13599.92656,13
2775,Estimates,Peru,14418.07067,NA,UMIC,2,NA,604,Country/Area,931,2020,2833.265,2612.135,2696.055,2438.549,2608.093,2767.692,2693.379,2537.783,2300.83,2045.834,1792.13,1521.749,1247.472,1029.167,732.079,523.33,345.376,174.546,58.589,12.307,1.486,PER,Latin America & Caribbean,Upper middle income,14418.07067,13
2130,Estimates,Philippines,8951.085654,NA,LMIC,1,NA,608,Country/Area,920,2020,10616.342,11397.952,10906.801,10462.894,10104.334,9479.78,8247.197,7254.73,6551.963,5759.264,5116.997,4249.923,3393.186,2485.685,1661.429,978.19,580.536,241.033,76.064,14.988,1.797,PHL,East Asia & Pacific,Lower middle income,8951.085654,12
3210,Estimates,Poland,31336.6035,NA,HIC,3,NA,616,Country/Area,923,2020,1884.914,1899.957,1974.514,1734.622,1965.983,2465.575,2825.848,3179.075,2958.637,2576.804,2238.497,2324.671,2725.26,2448.887,1855.853,1044.673,884.06,557.545,239.201,57.005,5.024,POL,Europe & Central Asia,High income,31336.6035,5
3615,Estimates,Portugal,33415.4379,NA,HIC,3,NA,620,Country/Area,925,2020,400.652,440.424,489.999,525.167,539.834,533.864,560.997,654.312,765.451,810.46,743.389,737.618,672.519,621.305,566.943,451.371,352.212,224.13,84.924,19.175,1.961,PRT,Europe & Central Asia,High income,33415.4379,7
2415,Estimates,Puerto Rico,39540.58693,14,HIC,3,NA,630,Country/Area,915,2020,84.291,156.033,210.323,184.343,143.483,145.27,156.591,174.926,196.071,203.173,211.742,202.442,196.316,164.709,157.59,116.091,78.201,47.361,22.265,7.959,1.66,PRI,Latin America & Caribbean,High income,39540.58693,13
1515,Estimates,Qatar,126898.4259,NA,HIC,3,NA,634,Country/Area,922,2020,135.162,135.374,122.418,105.982,237.443,479.928,495.152,351.028,254.998,206.802,155.604,98.557,53.949,27.847,12.864,3.861,2.294,1.05,0.516,0.142,0.089,QAT,Middle East & North Africa,High income,126898.4259,12
2010,Estimates,South Korea,40111.77576,NA,HIC,3,NA,410,Country/Area,906,2020,1897.011,2256.802,2276.782,2476.476,3216.244,3500.05,3282.425,3797.414,3924.934,4293.91,4315.516,4161.183,3774.566,2679.14,1998.091,1562.555,1083.829,540.103,184.909,42.896,4.347,KOR,East Asia & Pacific,High income,40111.77576,7
3225,Estimates,Moldova,7271.641919,18,LMIC,1,NA,498,Country/Area,923,2020,202.52,221.538,216.87,202.416,241.118,329.715,417.989,355.887,301.677,261.131,234.464,286.551,258.125,230.164,105.415,79.574,53.265,25.712,8.463,1.292,0.077,MDA,Europe & Central Asia,Lower middle income,7271.641919,7
570,Estimates,Reunion,NA,2,UMIC*,2,NA,638,Country/Area,910,2020,64.839,67.553,67.994,70.868,63.842,54.43,49.114,50.337,57.479,59.847,65.357,60.058,49.683,40.874,27.831,19.703,13.273,7.558,3.251,1.288,0.129,NA,NA,NA,NA,13
3240,Estimates,Romania,28206.35705,NA,UMIC,2,NA,642,Country/Area,923,2020,939.606,965.441,1080.761,994.545,1009.877,1076.387,1396.156,1189.744,1523.497,1502.971,1526.148,1043.01,1289.96,1245.988,927.458,602.811,536.99,274.612,93.693,16.865,1.162,ROU,Europe & Central Asia,Upper middle income,28206.35705,7
3255,Estimates,Russia,27147.33358,NA,UMIC,2,NA,643,Country/Area,923,2020,9271.691,9350.916,8174.262,7081.775,6614.696,8993.089,12543.831,11924.724,10604.635,9770.682,8479.651,10418.015,10073.623,8427.746,5390.381,3159.337,3485.779,1389.639,668.338,102.243,9.407,RUS,Europe & Central Asia,Upper middle income,27147.33358,7
585,Estimates,Rwanda,2251.556388,NA,LIC,1,NA,646,Country/Area,910,2020,1885.105,1675.918,1551.766,1354.029,1183.561,1027.482,978.578,833.976,609.132,460.962,354.419,374.028,259.237,185.917,109.464,65.353,25.694,15.602,1.683,0.296,0.007,RWA,Sub-Saharan Africa,Low income,2251.556388,15
2430,Estimates,St. Lucia,13881.37213,NA,UMIC,2,NA,662,Country/Area,915,2020,10.826,10.986,11.152,13.183,15.87,16.946,14.292,14.155,12.886,12.631,12.357,11.018,8.417,6.138,4.88,3.477,2.405,1.24,0.58,0.157,0.033,LCA,Latin America & Caribbean,Upper middle income,13881.37213,13
2445,Estimates,St. Vincent and the Grenadines,12287.9755,NA,UMIC,2,NA,670,Country/Area,915,2020,7.706,8.241,8.355,9.073,9.29,8.212,7.94,7.771,7.523,6.961,6.782,6.808,5.289,3.887,2.721,1.782,1.44,0.9,0.227,0.034,0.005,VCT,Latin America & Caribbean,Upper middle income,12287.9755,13
3075,Estimates,Samoa,6483.534228,NA,UMIC,2,NA,882,Country/Area,957,2020,26.99,24.133,22.684,19.314,16.572,14.723,11.657,10.355,9.881,9.679,8.967,7.503,5.865,4.095,2.742,1.838,0.938,0.34,0.122,0.012,0,WSM,East Asia & Pacific,Upper middle income,6483.534228,12
840,Estimates,Sao Tome and Principe,3418.58693,NA,LMIC,1,NA,678,Country/Area,911,2020,31.754,30.657,29.106,25.003,18.677,14.948,14.083,12.548,11.052,7.628,7.361,5.419,4.332,2.75,1.744,1.02,0.724,0.257,0.087,0.01,0.001,STP,Sub-Saharan Africa,Lower middle income,3418.58693,15
1530,Estimates,Saudi Arabia,55335.67959,NA,HIC,3,NA,682,Country/Area,922,2020,2978.337,2977.879,2641.499,2218.782,2333.131,3021.629,3437.937,3542.426,3577.563,2831.226,1891.746,1324.826,818.937,554.584,293.041,200.815,106.173,45.013,14.924,3.088,0.311,SAU,Middle East & North Africa,High income,55335.67959,12
1155,Estimates,Senegal,3782.538613,NA,LMIC,1,NA,686,Country/Area,914,2020,2615.341,2417.24,2098.919,1764.783,1519.042,1304.492,1110.693,940.599,741.966,589.862,467.265,367.435,285.866,219.898,145.623,93.559,45.112,13.764,2.28,0.185,0.006,SEN,Sub-Saharan Africa,Lower middle income,3782.538613,15
3630,Estimates,Serbia,17434.91613,25,UMIC,2,NA,688,Country/Area,925,2020,419.057,436.763,486.863,512.868,529.169,573.297,617.923,596.961,621.552,608.342,570.649,550.859,547.854,594.617,464.141,265.541,204.461,105.409,28.003,2.934,0.107,SRB,Europe & Central Asia,Upper middle income,17434.91613,7
600,Estimates,Seychelles,30557.07572,NA,HIC,3,NA,690,Country/Area,910,2020,7.967,7.966,7.438,6.428,6.363,7.068,7.105,7.381,7.436,7.437,6.819,6.158,4.841,3.068,1.645,1.56,0.928,0.493,0.198,0.036,0.005,SYC,Sub-Saharan Africa,High income,30557.07572,15
1170,Estimates,Sierra Leone,1601.974029,NA,LIC,1,NA,694,Country/Area,914,2020,1158.651,1067.234,992.319,874.877,754.021,651.493,553.893,463.157,373.119,299.775,236.393,182.74,135.799,98.226,68.339,40.47,18.574,6.264,1.426,0.198,0.017,SLE,Sub-Saharan Africa,Low income,1601.974029,15
2145,Estimates,Singapore,101531.6302,NA,HIC,3,NA,702,Country/Area,920,2020,258.176,220.861,240.625,265.169,397.537,435.521,434.677,461.938,473.271,491.602,466.411,479.811,443.631,355.694,190.228,99.406,73.381,40.499,16.981,4.173,0.751,SGP,East Asia & Pacific,High income,101531.6302,10
3270,Estimates,Slovakia,33736.40094,NA,HIC,3,NA,703,Country/Area,923,2020,283.691,282.9,282.577,262.918,290.705,365.08,410.494,437.109,457.808,403.592,346.849,362.368,361.838,333.373,236.821,161.89,100.449,56.655,18.906,3.456,0.164,SVK,Europe & Central Asia,High income,33736.40094,7
3645,Estimates,Slovenia,38048.78466,NA,HIC,3,NA,705,Country/Area,925,2020,101.272,108.899,104.506,91.87,96.316,109.178,133.863,149.786,158.373,146.953,151.312,149.89,145.593,139.348,97.508,79.987,59.368,37.278,14.426,3.015,0.191,SVN,Europe & Central Asia,High income,38048.78466,7
2955,Estimates,Solomon Islands,2422.819533,NA,LMIC,1,NA,90,Country/Area,928,2020,103.156,93.014,78.791,70.034,60.995,50.835,42.609,39.441,37.09,31.58,22.806,17.889,13.425,9.553,7.157,4.836,2.265,1.083,0.268,0.047,0.004,SLB,East Asia & Pacific,Lower middle income,2422.819533,12
615,Estimates,Somalia,0,NA,LIC,1,NA,706,Country/Area,910,2020,2826.505,2388.859,2119.343,1818.247,1534.275,1159.601,868.582,665.822,561.005,492.889,407.292,326.68,262.875,199.915,134.577,75.53,36.029,11.768,2.949,0.437,0.039,SOM,Sub-Saharan Africa,Low income,NA,15
930,Estimates,South Africa,13686.88236,NA,UMIC,2,NA,710,Country/Area,913,2020,5764.945,5820.66,5495.963,4913.211,4924.091,5217.398,5374.11,4781.215,3810.04,3233.235,2692.132,2219.4,1794.715,1369.726,895.217,580.838,298.42,103.954,18.094,1.274,0.052,ZAF,Sub-Saharan Africa,Upper middle income,13686.88236,12
630,Estimates,South Sudan,0,NA,LIC,1,NA,728,Country/Area,910,2020,1707.392,1538.29,1380.431,1201.47,1062.165,900.787,744.174,589.979,491.926,404.911,332.202,263.323,201.377,143.56,112.23,70.396,33.934,12.064,2.729,0.363,0.026,SSD,Sub-Saharan Africa,Low income,NA,15
3660,Estimates,Spain,39715.43906,26,HIC,3,NA,724,Country/Area,925,2020,1990.096,2244.391,2497.954,2238.123,2255.909,2361.69,2618.972,3283.021,4000.876,3937.623,3632.242,3414.085,2939.311,2401.343,2204.15,1811.156,1288.336,1039.117,471.255,112.05,13.083,ESP,Europe & Central Asia,High income,39715.43906,7
1860,Estimates,Sri Lanka,13473.66309,NA,UMIC,2,NA,144,Country/Area,5501,2020,1660.41,1689.625,1721.661,1664.559,1495.651,1406.206,1352.386,1467.635,1524.435,1356.67,1317.276,1237.542,1113.872,899.324,727.431,418.906,208.11,106.461,37.893,6.622,0.575,LKA,South Asia,Upper middle income,13473.66309,14
1545,Estimates,State of Palestine,NA,7,LMIC,1,NA,275,Country/Area,922,2020,692.913,671.615,592.433,517.06,498.642,467.083,369.818,294.478,247.141,200.999,166.831,130.487,87.852,64.001,48.34,29.495,15.43,5.396,1.216,0.174,0.012,PSE,Middle East & North Africa,Lower middle income,5157.568578,12
1290,Estimates,Sudan,4759.281882,NA,LMIC,1,NA,729,Country/Area,912,2020,6339.078,5789.728,5322.924,4800.733,4159.388,3467.77,2799.335,2403.91,2026.888,1700.431,1424.556,1128.395,875.056,660.904,455.13,277.921,142.873,55.962,15.291,2.714,0.282,SDN,Sub-Saharan Africa,Lower middle income,4759.281882,15
2790,Estimates,Suriname,15510.46464,NA,UMIC,2,NA,740,Country/Area,931,2020,52.186,52.645,51.594,50.637,48.736,47.036,42.969,39.817,35.203,37.521,32.863,31.965,21.601,15.327,11.343,7.342,4.711,2.178,0.771,0.166,0.023,SUR,Latin America & Caribbean,Upper middle income,15510.46464,13
3450,Estimates,Sweden,53208.88436,NA,HIC,3,NA,752,Country/Area,924,2020,601.45,592.501,585.901,541.226,543.786,733.144,692.949,627.35,609.202,654.921,679.405,617.242,567.133,526.735,564.149,430.095,269.777,161.722,76.911,21.401,2.27,SWE,Europe & Central Asia,High income,53208.88436,7
3780,Estimates,Switzerland,68060.94105,NA,HIC,3,NA,756,Country/Area,926,2020,451.829,433.116,409.669,425.198,484.186,555.543,597.572,621.652,570.855,595.733,676.756,643.866,535.823,441.612,421.519,330.474,228.8,144.798,67.468,16.454,1.695,CHE,Europe & Central Asia,High income,68060.94105,7
1560,Estimates,Syria,0,NA,LIC,1,NA,760,Country/Area,922,2020,1919.096,1716.807,1749.863,1575.262,1603.5,1496.483,1520.848,1386.345,1095.036,833.865,689.438,595.908,465.146,357.219,209.32,146.227,84.923,41.886,11.541,1.78,0.164,SYR,Middle East & North Africa,Low income,NA,15
1680,Estimates,Tajikistan,3449.779316,NA,LIC,1,NA,762,Country/Area,5500,2020,1356.75,1220.86,977.078,811.289,833.803,814.719,786.165,604.166,472.633,409.766,372.286,328.604,246.25,141.64,77.992,39.614,29.793,10.476,3.39,0.351,0.017,TJK,Europe & Central Asia,Low income,3449.779316,7
2160,Estimates,Thailand,19051.33338,NA,UMIC,2,NA,764,Country/Area,920,2020,3596.052,3843.78,4113.805,4378.506,4807.904,4822.404,4466.694,4763.033,5308.84,5605.417,5598.953,5082.441,4367.653,3256.703,2282.338,1584.23,1070.912,563.683,225.198,52.666,8.766,THA,East Asia & Pacific,Upper middle income,19051.33338,12
2175,Estimates,Timor-Leste,7658.434996,NA,LMIC,1,NA,626,Country/Area,920,2020,178.084,153.794,153.73,152.986,129.785,115.123,89.86,69.167,46.63,54.158,48.162,40.311,30.184,19.96,17.932,10.982,5.447,1.695,0.401,0.048,0.003,TLS,East Asia & Pacific,Lower middle income,7658.434996,12
1185,Estimates,Togo,1773.896632,NA,LIC,1,NA,768,Country/Area,914,2020,1220.06,1120.121,1023.991,891.005,743.733,631.528,567.255,497.302,414.564,329.953,254.832,195.882,148.012,107.925,71.771,39.722,16.179,4.241,0.616,0.045,0,TGO,Sub-Saharan Africa,Low income,1773.896632,15
3090,Estimates,Tonga,6419.561778,NA,UMIC,2,NA,776,Country/Area,957,2020,12.201,12.438,12.103,11.419,9.698,7.442,6.11,6.073,5.326,4.964,4.856,3.845,2.963,2.34,1.645,1.146,0.718,0.308,0.092,0.01,0,TON,East Asia & Pacific,Upper middle income,6419.561778,12
2460,Estimates,Trinidad and Tobago,32014.78313,NA,HIC,3,NA,780,Country/Area,915,2020,88.366,96.085,96.32,89.49,85.696,97.306,116.833,126.028,101.245,90.197,82.715,92.347,75.717,60.176,43.96,29.694,16.45,7.361,2.768,0.649,0.088,TTO,Latin America & Caribbean,High income,32014.78313,13
1305,Estimates,Tunisia,12502.82019,NA,LMIC,1,NA,788,Country/Area,912,2020,1004.154,1013.605,853.066,786.872,821.287,904.059,928.189,985.875,846.845,725.626,711.339,650.167,538.872,423.722,250.363,173.743,119.672,61.5,16.314,3.098,0.25,TUN,Middle East & North Africa,Lower middle income,12502.82019,15
1575,Estimates,Turkey,28068.85941,NA,UMIC,2,NA,792,Country/Area,922,2020,6567.148,6852.122,6773.238,6821.911,6770.019,6404.144,6394.98,6379.751,6008.074,5438.505,4755.468,4152.955,3446.2,2746.192,1970.496,1383.083,877.363,453.346,124.984,17.811,1.277,TUR,Europe & Central Asia,Upper middle income,28068.85941,7
1695,Estimates,Turkmenistan,19304.10131,NA,UMIC,2,NA,795,Country/Area,5500,2020,661.065,671.865,524.183,484.56,461.537,548.254,525.197,432.688,378.455,319.366,283.597,251.862,200.994,133.45,68.644,34.814,32.508,12.789,4.582,0.705,0.072,TKM,Europe & Central Asia,Upper middle income,19304.10131,7
645,Estimates,Uganda,2038.073892,NA,LIC,1,NA,800,Country/Area,910,2020,7796.039,7059.913,6192.176,5257.248,4328.181,3544.494,2848.524,2252.576,1765.404,1368,1065.593,786.842,567.734,406.591,261.489,150.509,63.645,22.445,3.394,0.197,0.006,UGA,Sub-Saharan Africa,Low income,2038.073892,15
3285,Estimates,Ukraine,9233.150469,19,LMIC,1,NA,804,Country/Area,923,2020,2113.85,2475.661,2403.743,1979.774,2146.047,2752.444,3584.834,3624.124,3337.191,3069.213,2802.958,3103.779,2927.644,2612.212,1769.077,1214.353,1187.162,412.197,188.148,27.429,1.919,UKR,Europe & Central Asia,Lower middle income,9233.150469,7
1590,Estimates,United Arab Emirates,75075.25741,NA,HIC,3,NA,784,Country/Area,922,2020,499.138,512.575,453.459,389.532,715.753,1433.59,1795.746,1373.568,916.021,692.088,456.601,341.312,185.966,56.741,36.26,19.624,7.159,4.008,0.956,0.272,0.031,ARE,Middle East & North Africa,High income,75075.25741,12
3465,Estimates,United Kingdom,45973.5735,24,HIC,3,NA,826,Country/Area,924,2020,3924.49,4119.566,3956.34,3686.133,4074.64,4484.067,4706.828,4588.196,4308.13,4296.121,4634.54,4538.925,3905.016,3381.761,3388.488,2442.147,1736.567,1077.555,490.577,130.083,15.834,GBR,Europe & Central Asia,High income,45973.5735,1
660,Estimates,Tanzania,3227.034211,3,LIC,1,NA,834,Country/Area,910,2020,9738.602,8623.714,7654.58,6434.462,5262.555,4583.694,3902.89,3259.038,2684.793,2135.934,1660.783,1265.852,948.189,674.611,472.213,269.023,121.856,36.082,5.088,0.247,0.007,TZA,Sub-Saharan Africa,Low income,3227.034211,15
3825,Estimates,United States,62794.58565,29,HIC,3,NA,840,Country/Area,918,2020,19676.332,20045.152,21089.487,21242.908,22258.745,23835.33,23052.479,21615.791,20294.599,20053.798,20577.807,21542.27,20669.143,17819.027,14354.863,9727.734,6461.202,3911.104,2051.136,626.636,97.104,USA,North America,High income,62794.58565,1
2475,Estimates,United States Virgin Islands,NA,14,HIC,3,NA,850,Country/Area,915,2020,5.97,6.898,7.242,6.776,6.484,6.247,4.688,5.043,5.541,6.225,7.085,7.364,7.458,6.563,6.347,4.554,2.393,1.079,0.367,0.088,0.011,VIR,Latin America & Caribbean,High income,NA,13
2805,Estimates,Uruguay,23572.17746,NA,HIC,3,NA,858,Country/Area,931,2020,236.656,236.414,233.314,245.615,254.065,257.495,239.616,221.53,234.364,220.656,196.341,194.736,178.824,149.097,123.811,96.455,70.331,48.223,25.232,8.809,2.143,URY,Latin America & Caribbean,High income,23572.17746,13
1710,Estimates,Uzbekistan,8556.051512,NA,LMIC,1,NA,860,Country/Area,5500,2020,3431.637,3282.087,2925.422,2535.432,2782.336,3164.651,3030.397,2546.798,2105.4,1825.1,1568.642,1500.119,1168.385,771.243,343.946,228.204,163.802,67.757,23.65,3.712,0.479,UZB,Europe & Central Asia,Lower middle income,8556.051512,7
2970,Estimates,Vanuatu,3221.149823,NA,LMIC,1,NA,548,Country/Area,928,2020,42.08,38.805,37.092,29.834,25.909,24.859,22.997,18.006,16.116,13.076,11.562,8.983,6.75,4.687,3.149,1.689,1.211,0.297,0.044,0.004,0,VUT,East Asia & Pacific,Lower middle income,3221.149823,12
2820,Estimates,Venezuela,NA,NA,UMIC,2,NA,862,Country/Area,931,2020,2363.409,2731.19,2657.796,2500.772,2101.628,2028.711,2064.324,1963.597,1867.72,1697.254,1599.831,1415.152,1177.441,865.114,603.581,386.279,226.565,118.75,49.076,14.875,2.878,VEN,Latin America & Caribbean,Upper middle income,NA,13
2190,Estimates,Vietnam,7447.814334,NA,LMIC,1,NA,704,Country/Area,920,2020,7892.471,7586.101,7098.174,6500.869,6820.203,8569.293,8437.027,7763.897,7033.826,6539.136,5868.357,5241.611,4330.954,3011.733,1651.958,1126.514,860.586,609.173,274.625,98.225,23.85,VNM,East Asia & Pacific,Lower middle income,7447.814334,12
1320,Estimates,Western Sahara,NA,NA,LIC,1,NA,732,Country/Area,912,2020,56.47,56.124,49.832,48.537,50.165,54.82,56.162,52.553,45.719,37.075,29.218,22.733,17.632,10.742,5.094,2.518,1.317,0.481,0.121,0.016,0.001,NA,NA,NA,NA,15
1605,Estimates,Yemen,2575.126385,NA,LIC,1,NA,887,Country/Area,922,2020,4115.306,3918.102,3548.681,3201.593,2925.246,2807.5,2329.316,1811.122,1362.091,1000.713,773.313,649.522,509.267,370.183,258.978,144.493,69.141,24.423,5.989,0.911,0.078,YEM,Middle East & North Africa,Low income,2575.126385,15
675,Estimates,Zambia,4223.906936,NA,LMIC,1,NA,894,Country/Area,910,2020,2946.454,2717.088,2428.598,2121.583,1746.939,1433.444,1193.475,991.719,808.231,605.658,433.597,327.662,237.554,166.281,112.763,67.202,32.916,10.863,1.803,0.121,0.005,ZMB,Sub-Saharan Africa,Lower middle income,4223.906936,15
690,Estimates,Zimbabwe,3029.793005,NA,LMIC,1,NA,716,Country/Area,910,2020,2097.448,2210.712,1921.06,1638.895,1377.829,1105.162,994.874,872.602,737.527,520.295,389.42,308.669,240.442,184.973,114.658,85.7,43.888,15.46,3.027,0.267,0.019,ZWE,Sub-Saharan Africa,Lower middle income,3029.793005,15
